{
  "generated_at": "2026-05-24T17:53:53.870522+00:00",
  "allocation": {
    "ABJC_ci": 0.10876,
    "BICB_bj": 0.02312,
    "BNBC_ci": 0.00656,
    "BOAB_bj": 0.04346,
    "BOABF_bf": 0.04077,
    "CABC_ci": 0.02058,
    "ECOC_ci": 0.02811,
    "LNBB_bj": 0.00847,
    "NEIC_ci": 0.00815,
    "ONTBF_bf": 0.00894,
    "ORAC_ci": 0.01051,
    "ORGT_tg": 0.04961,
    "PRSC_ci": 0.05039,
    "SAFC_ci": 0.0597,
    "SDSC_ci": 0.00379,
    "SEMC_ci": 0.04834,
    "SGBC_ci": 0.0293,
    "SHEC_ci": 0.11572,
    "SIVC_ci": 0.03992,
    "SLBC_ci": 0.06427,
    "SMBC_ci": 0.01132,
    "SNTS_sn": 0.00778,
    "SOGC_ci": 0.04508,
    "SPHC_ci": 0.01444,
    "STAC_ci": 0.00159,
    "STBC_ci": 0.054,
    "TTLS_sn": 0.05195,
    "UNLC_ci": 0.02291,
    "UNXC_ci": 0.02248
  },
  "horizon_days": 30,
  "expected_return_30d": 0.08514624570629127,
  "expected_volatility_30d": 0.09472876708778176,
  "sharpe_ratio_30d": 0.873164552334338,
  "covariance_diagnostic": {
    "cond_number_raw": 2.0291227369789007e+18,
    "cond_number_shrunk": 6.474892300566432,
    "used_diagonal_fallback": false
  },
  "backtest": null
}